e21535ef45ca47128a1d3314a42df82d.png,3
25bc158d39f7479d81b33087511bacee.png,6
f3c3302195eb4aa6b7a7bd5342a0e399.png,8
f154aacec00e41df9e1a09035d273c59.png,9
ee995b87ccb549a48fac58101c9e3200.png,9
d8d9dca2f8844959b1ce74fbf7568f14.png,3
7fd7b5a26adc4ed8807bfaf2f030344d.png,5
e24f19e3bdab4a36939902ca22c4bf44.png,8
7f70a1849c8e4f619b4f25ccfa38238a.png,3
368a392309be4b219b7093c8c0dad796.png,7
0330cc44f1c44e73bacb181f51989c54.png,4
1c02ea6303404cc595eaabf35e72b7fd.png,5
4299b8161d8f434f936653e2f30d21b7.png,3
10b39d2bd1c24e95aed12273d6bdcaf1.png,6
4940a19eb7e44f7695e36016686244c0.png,9
ec7798996e0442d89c2449e25c0c39f3.png,8
7ecb940638a6471c97b0c2076d8f21cd.png,3
f0f65841de2d4c94ac4ebe566d78e90d.png,4
6f4c10b964f34bb7987ad7cfc1607828.png,6
e064f4d892b54a5ca8aa913f5b8b83f2.png,8
b1e69f2d677347fea399d5f84504ae3e.png,9
a60bd0ef5918418bbc47f05fcff9b825.png,0
d7670813318b46d5b1c76f60327aab3f.png,1
726e89ea05af45cdad2c88f1313e418d.png,2
b989fe65359d43bba9f2611416dda635.png,3
87b5f6b684764636bd2ed64699a2f1b7.png,4
49232f250b204fb29290cbfdc6e82bf4.png,8
1b157d75944a40b28ce234d2608df4b1.png,5
5e8ce9e96e7f4ebfaba56fd43e644d61.png,0
76e376fbe2804bf99663ce90ca89e6b7.png,1
776377482d114c6c801944199ea8e9c7.png,2
e61abf194da74092bb988b6d6a0f4f7c.png,4
ba6836f6e22e411fb8c6ead83fa2d6a4.png,5
8171cddd0cbd403982682a8021984603.png,7
75b9d8a2916941f6890243ac882374bc.png,0
635b95bad857477694a1de7c57ea001b.png,1
9dce7b79286e4d1fbaca7250c21b70e2.png,2
5b4aaeff8faf4b25aade124ce6d4446c.png,5
1e2a11566e924745b36528147f1a1a37.png,7
f595300bba854af58b39f9ef3f19f009.png,2
1f74f449e98a46048053331c5cf43d9c.png,4
e9fc8baddafa4345a589a17e063b07af.png,5
c4b78627809f444c951fb70440cd9b1f.png,7
9cdc07912578421395b27884698bbf05.png,0
097d3515e4894a4e86c34647ff971b8d.png,1
c462237045f84f6388610c836e0edd51.png,2
e9e5c063f52b4ffca4a977a0111c3833.png,4
be63cdeb876545d5ab6e709cbb7f84dc.png,5
9f54ab3ee6d04465b96ff84294d1a779.png,7
9ef141f96d9e40648979f513c13cf25f.png,9
0e516aa2f8614cefa5be6857ffb4d1ba.png,1
7b2c9235d2f5401daae9b6e4a78d451b.png,4
9d227442cb124447afb6123cc384c70b.png,7
985ecea1129d473cb64dff2372d3d94f.png,4
2959633617f3491bba79d16b433b1590.png,2
1e0f942634044bfb98db3d8fc12e5f22.png,0
607a65015e414bfbb9f4cda743aa0149.png,6
f7124de7bb4247d38296c0cd2865d8bb.png,8
764fad0fde1942b383707d282676a4fb.png,2
ca689fa47ed148af87efafc990df6fba.png,7
2f08dc5196284b2a8af02a9a57b05f9c.png,4
cae7b9ef155b45cea28551a647391a7b.png,5
